[
  {
    "id": "569080c1-88d4-4748-bda2-92cb7fe91a62",
    "data": [
      {
        "text": "search",
        "meta": "@sys.ignore",
        "userDefined": true
      },
      {
        "text": " blog on ",
        "userDefined": false
      },
      {
        "text": "python",
        "alias": "blogSearch",
        "meta": "@blogSearch",
        "userDefined": true
      }
    ],
    "isTemplate": false,
    "count": 0,
    "updated": 0
  },
  {
    "id": "b2cedff7-0a45-4328-bbc5-3016d6a5300f",
    "data": [
      {
        "text": "blog",
        "alias": "blogSearch",
        "meta": "@blogSearch",
        "userDefined": true
      },
      {
        "text": " on ",
        "userDefined": false
      },
      {
        "text": "nodejs",
        "alias": "blogSearch",
        "meta": "@blogSearch",
        "userDefined": true
      }
    ],
    "isTemplate": false,
    "count": 0,
    "updated": 0
  },
  {
    "id": "8f5f5a9b-476d-4963-8195-0f3a322c5abe",
    "data": [
      {
        "text": "search",
        "alias": "blogSearch",
        "meta": "@blogSearch",
        "userDefined": true
      },
      {
        "text": " blog of ",
        "userDefined": false
      },
      {
        "text": "angular",
        "alias": "blogSearch",
        "meta": "@blogSearch",
        "userDefined": true
      }
    ],
    "isTemplate": false,
    "count": 0,
    "updated": 0
  }
]