[
  {
    "id": "c47932dd-0ffb-49b8-a66f-a195ad533182",
    "data": [
      {
        "text": "offer mid pack",
        "userDefined": false
      }
    ],
    "isTemplate": false,
    "count": 0,
    "updated": 0
  },
  {
    "id": "52bf3863-8b41-40ea-846d-f81a58e354b1",
    "data": [
      {
        "text": "mid pack",
        "userDefined": false
      }
    ],
    "isTemplate": false,
    "count": 0,
    "updated": 0
  },
  {
    "id": "8b8034ca-1710-4dd4-8c7e-e4d9c74242cc",
    "data": [
      {
        "text": "midPack",
        "userDefined": false
      }
    ],
    "isTemplate": false,
    "count": 0,
    "updated": 0
  }
]