[
  {
    "id": "86a6d402-b65b-4d41-80a4-0a27de3c91ca",
    "data": [
      {
        "text": "offers on my account",
        "userDefined": false
      }
    ],
    "isTemplate": false,
    "count": 0,
    "updated": 0
  },
  {
    "id": "484cb254-ef50-4cf7-9d68-83436ea0537f",
    "data": [
      {
        "text": "offers",
        "userDefined": false
      }
    ],
    "isTemplate": false,
    "count": 0,
    "updated": 0
  },
  {
    "id": "c5261b0b-77aa-4570-b3b6-e485b486cb1e",
    "data": [
      {
        "text": "show offers",
        "userDefined": false
      }
    ],
    "isTemplate": false,
    "count": 0,
    "updated": 0
  },
  {
    "id": "3e29060b-4f7c-4ce9-a372-7563ae928d07",
    "data": [
      {
        "text": "any offers for me",
        "userDefined": false
      }
    ],
    "isTemplate": false,
    "count": 0,
    "updated": 0
  }
]